First Name, Last Name
Ariel, Burch
Mia, Zhang
Jaydon, Lopez
Raul, Little
Sullivan, Rivera
Marin, Lindsey
Tiana, Cuevas
Francis, Soto
Maxwell, Mcintosh
Howard, Dunlap
Valeria, Pacheco
Yadiel, Haney
Tate, Carter
Kierra, Clayton
Ali, Dorsey
Carter, Dawson
Emmalee, Anderson
Mohamed, Prince
Adelyn, Boyle
Carson, George
Zaid, Herman
Noelle, Stephens
Heidi, Adams
Brynlee, Valenzuela
Nylah, Mason
Abagail, Blackwell
Gabriel, Rivera
Selah, Calhoun
Skylar, Kent
Makaila, Nicholson
Stephanie, Rangel
Julianne, Hutchinson
Abram, Decker
Crystal, Green
Brittany, Levy
Quinten, Tucker
Esteban, Rubio
Dayanara, Barry
Dane, Zimmerman
Jan, West
Zackary, Steele
Mareli, Silva
Leo, Luna
Milton, Cummings
Joy, Compton
Rachel, Malone
Haylee, Erickson
Shea, Knight
Kenna, Cordova
Jaylene, Pham
Yoselin, Petersen
Taniyah, Barr
Viviana, Hatfield
Chandler, Nichols
Audrina, Berg
Alanna, Hendricks
Emelia, Ali
Jaxon, Werner
Olivia, Yoder
Monica, Fernandez
Xzavier, Caldwell
Rosemary, Owen
Jaidyn, Rose
Thomas, Blair
Kyla, Bridges
Solomon, Tyler
Lainey, Arellano
Meredith, Velasquez
Esther, Lopez
Xiomara, Love
Zane, Reid
Trenton, Lindsey
Shane, Mcgrath
Dustin, Shepard
Itzel, Cochran
Jasiah, Whitney
Emmanuel, Chase
Emiliano, Waters
Reina, Herman
Micaela, Snow
Marlee, Hale
Angelica, Key
Elsa, Montes
Gerardo, Duncan
Gina, Barr
Genesis, Anthony
Peyton, Davenport
Valentino, Dean
America, Cline
Luciano, Hammond
Alejandra, Norris
Angel, Macdonald
Colby, Donovan
Dustin, Watson
Mollie, Bright
Yandel, Osborne
Angelina, Spears
Kenzie, Pugh
Jazlynn, Fuentes
Emilia, Hines
