First Name, Last Name,Organizational Unit
Ariel, Burch,DC=cita440.local
Mia, Zhang,DC=cita440.local
Jaydon, Lopez,DC=cita440.local
Raul, Little,DC=cita440.local
Sullivan, Rivera,DC=cita440.local
Marin, Lindsey,DC=cita440.local
Tiana, Cuevas,DC=cita440.local
Francis, Soto,DC=cita440.local
Maxwell, Mcintosh,DC=cita440.local
Howard, Dunlap,DC=cita440.local
Valeria, Pacheco,DC=cita440.local
Yadiel, Haney,DC=cita440.local
Tate, Carter,DC=cita440.local
Kierra, Clayton,DC=cita440.local
Ali, Dorsey,DC=cita440.local
Carter, Dawson,DC=cita440.local
Emmalee, Anderson,DC=cita440.local
Mohamed, Prince,DC=cita440.local
Adelyn, Boyle,DC=cita440.local
Carson, George,DC=cita440.local
Zaid, Herman,DC=cita440.local
Noelle, Stephens,DC=cita440.local
Heidi, Adams,DC=cita440.local
Brynlee, Valenzuela,DC=cita440.local
Nylah, Mason,DC=cita440.local
Abagail, Blackwell,DC=cita440.local
Gabriel, Rivera,DC=cita440.local
Selah, Calhoun,DC=cita440.local
Skylar, Kent,DC=cita440.local
Makaila, Nicholson,DC=cita440.local
Stephanie, Rangel,DC=cita440.local
Julianne, Hutchinson,DC=cita440.local
Abram, Decker,DC=cita440.local
Crystal, Green,DC=cita440.local
Brittany, Levy,DC=cita440.local
Quinten, Tucker,DC=cita440.local
Esteban, Rubio,DC=cita440.local
Dayanara, Barry,DC=cita440.local
Dane, Zimmerman,DC=cita440.local
Jan, West,DC=cita440.local
Zackary, Steele,DC=cita440.local
Mareli, Silva,DC=cita440.local
Leo, Luna,DC=cita440.local
Milton, Cummings,DC=cita440.local
Joy, Compton,DC=cita440.local
Rachel, Malone,DC=cita440.local
Haylee, Erickson,DC=cita440.local
Shea, Knight,DC=cita440.local
Kenna, Cordova,DC=cita440.local
Jaylene, Pham,DC=cita440.local
Yoselin, Petersen,DC=cita440.local
Taniyah, Barr,DC=cita440.local
Viviana, Hatfield,DC=cita440.local
Chandler, Nichols,DC=cita440.local
Audrina, Berg,DC=cita440.local
Alanna, Hendricks,DC=cita440.local
Emelia, Ali,DC=cita440.local
Jaxon, Werner,DC=cita440.local
Olivia, Yoder,DC=cita440.local
Monica, Fernandez,DC=cita440.local
Xzavier, Caldwell,DC=cita440.local
Rosemary, Owen,DC=cita440.local
Jaidyn, Rose,DC=cita440.local
Thomas, Blair,DC=cita440.local
Kyla, Bridges,DC=cita440.local
Solomon, Tyler,DC=cita440.local
Lainey, Arellano,DC=cita440.local
Meredith, Velasquez,DC=cita440.local
Esther, Lopez,DC=cita440.local
Xiomara, Love,DC=cita440.local
Zane, Reid,DC=cita440.local
Trenton, Lindsey,DC=cita440.local
Shane, Mcgrath,DC=cita440.local
Dustin, Shepard,DC=cita440.local
Itzel, Cochran,DC=cita440.local
Jasiah, Whitney,DC=cita440.local
Emmanuel, Chase,DC=cita440.local
Emiliano, Waters,DC=cita440.local
Reina, Herman,DC=cita440.local
Micaela, Snow,DC=cita440.local
Marlee, Hale,DC=cita440.local
Angelica, Key,DC=cita440.local
Elsa, Montes,DC=cita440.local
Gerardo, Duncan,DC=cita440.local
Gina, Barr,DC=cita440.local
Genesis, Anthony,DC=cita440.local
Peyton, Davenport,DC=cita440.local
Valentino, Dean,DC=cita440.local
America, Cline,DC=cita440.local
Luciano, Hammond,DC=cita440.local
Alejandra, Norris,DC=cita440.local
Angel, Macdonald,DC=cita440.local
Colby, Donovan,DC=cita440.local
Dustin, Watson,DC=cita440.local
Mollie, Bright,DC=cita440.local
Yandel, Osborne,DC=cita440.local
Angelina, Spears,DC=cita440.local
Kenzie, Pugh,DC=cita440.local
Jazlynn, Fuentes,DC=cita440.local
Emilia, Hines,DC=cita440.local
